Rana,RanaAldibsmm,,392,1633,7,9057,Tue Mar 22 03:46:56 +0000 2016
Lodya Winata,Lodyatohawinata,"Simple, easy going, enjoy my life",0,11,0,101,Sat Sep 26 19:21:17 +0000 2020
Ø¨Ø¹Ø«Ø±Ø© (Ø®ØŒ Ø¹) #Ø¨Ø¹Ø«Ø±Ø©_ÙƒØ§ØªØ¨,Ba3tharat,"â€â€â€â€Ù…Ø¬Ø±Ù‘Ø¯ Ø¥Ù†Ø³Ø§Ù†ØŒ Ù„ÙŠ Ù…Ø­Ø§Ø³Ù†ÙŠ ÙˆÙ‡ÙÙˆØ§ØªÙŠ. 
Ù„Ø§ Ø£Ø¨Ø­Ø« Ø¹Ù† Ø§Ù„ÙƒÙ…Ø§Ù„ØŒ ÙØ£Ù†Ø§ Ø¨Ø´Ø±. 
Ø¥Ø°Ø§ Ø£Ø¹Ø¬Ø¨Ùƒ Ø£ÙŠ Ø´ÙŠØ¡ØŒ ÙØ§Ø®ØªÙ… Ù‚ÙˆÙ„Ùƒ Ø¨Ø°ÙƒØ± Ø§Ù„Ù„Ù‡ØŒ ÙˆÙ…Ø§ Ø´Ø§Ø¡ Ø§Ù„Ù„Ù‡... 
ØµØ¯Ø± Ù„ÙÙŠØŒ Ø¨Ø¹Ø«Ø±Ø© ÙƒØ§ØªØ¨...",14,53,0,17,Sat Jan 03 00:15:03 +0000 2015
Anish gupta,Anishgu34381113,,4,392,0,17,Thu Aug 20 07:17:58 +0000 2020
Aldytha Fredagna,AldythaF,My second account,1,21,0,0,Thu Sep 03 12:54:58 +0000 2020
Setiyowati,Setiyow48355553,kepo,1,7,0,3,Thu Sep 24 05:52:51 +0000 2020
El SÃ¡nchez,ElSnchez14,Tuhan Yesus MemberkatiğŸ™ğŸ˜,5,252,0,142,Mon Sep 28 23:52:11 +0000 2020
Amine,AmineKnumber5,Live the moment.,13,712,0,90,Mon Oct 12 08:31:11 +0000 2020
Cindy Safitri,Cindy_sftri,"Perempuan
Mahasiswa Semester Akhir",12,38,0,8,Wed Oct 14 11:01:02 +0000 2020
AZMAN,AZMAN56281952,simpel,0,60,0,1,Fri Oct 16 06:54:50 +0000 2020
mars,Marswong8,,3,144,0,168,Sun Feb 12 05:03:20 +0000 2017
Milah Karmilah,MilahKarmilah92,http://kbtkhamzah.sch.id/,2,37,0,15,Tue Oct 13 06:24:09 +0000 2020
Aldi Palevi,aldi_palevi15,,1,106,0,0,Sat Oct 10 20:35:09 +0000 2020
Chandravrdhan Singhâ„¹,dev_chandraVS,I am Chandravardhan,47,89,0,1570,Sun Jan 10 11:06:31 +0000 2016
Varad Pawar,Vrdpwr,,6,233,0,80,Sun Oct 04 17:52:25 +0000 2020
Nimmy Aby,The__Unburnt,When was the last time when someone ran their fingers through the knots of your soul?,58,1052,0,2904,Fri Jul 19 12:46:02 +0000 2013
overthinking,hlmhdwi,ì—‘ì†Œ ì‚¬ë‘í•˜ì,18,170,0,493,Sat Feb 15 10:07:06 +0000 2020
ğŸ•ŠØ¥Ù„Ù‡Ø§Ù…,Shbanah30,Ø§Ù„Ù„Ù‡Ù… Ø§Ø¬Ø¹Ù„Ù†ÙŠ Ù…Ø¨Ø§Ø±ÙƒØ§Ù‹ Ø£ÙŠÙ†Ù…Ø§ ÙƒÙÙ†Øªâ˜ï¸,145,309,0,1809,Thu Oct 15 22:58:52 +0000 2020
muznah,m___1417,pathâ™¥ï¸,17,41,0,8,Thu Oct 15 17:32:06 +0000 2020
abcd000123,abcd0001231,,1,154,0,22,Tue Feb 04 19:31:11 +0000 2020
adek malina,adekmaliina,,8,71,0,7,Tue Feb 23 13:54:56 +0000 2016
Scott H Shaw Jr,2legit2quit1990,Grateful for Gods strategically placed trauma throughout my life that made me who I am,47,842,0,208,Tue Oct 25 01:42:08 +0000 2016
Zaraaa,Ara2551904341,"""SlowButSure""",0,44,0,23,Thu Oct 15 12:26:39 +0000 2020
Tessa Hurint,TessaHrt,Dentist,829,440,0,141,Mon Sep 12 07:14:38 +0000 2011
Sayangkamu,Sayangk65535731,,1,105,0,3,Thu Oct 15 06:04:34 +0000 2020
fangirl,Nursyh1,,0,55,0,42,Thu Aug 27 01:33:11 +0000 2020
Dede,Dede79567504,humoris,6,120,0,61,Sun Oct 04 16:30:17 +0000 2020
happy,ari18670,Sensasi Pasutri dan wanita,39,2057,0,3536,Mon Jan 13 14:22:15 +0000 2020
George Mathew,GeorgeMathew_,"Artificial intelligence experiment gone wrong , now trying to take over the world.",163,1553,3,165,Sun Jun 21 09:14:09 +0000 2009
Deepika,Deepika12850201,Life is beautiful â¤âœ¨âœ¨ğŸ˜ğŸ˜,7,189,0,920,Fri Sep 04 19:16:02 +0000 2020
Meza,Meza60939700,@Fantasi,3,396,0,25,Mon Sep 28 15:36:48 +0000 2020
W,W251001,,110,733,0,1604,Mon Oct 12 14:06:22 +0000 2020
Rendyhuta,Rendyhuta1,I am cool man hehehe,10,139,0,5,Thu Oct 01 11:48:13 +0000 2020
putri,NonaGhina1,,3,34,0,1,Mon Oct 12 12:03:15 +0000 2020
Evelyn christabel,evelin_pangau,hello tweet,145,346,0,5,Fri Oct 02 17:39:11 +0000 2020
pragati,PragatiTiwari_,I believe in bee-ing myselfğŸ,532,1603,0,17436,Thu Jul 23 09:06:36 +0000 2020
Palm,Palm90452954,,0,1,0,0,Wed Oct 14 03:47:10 +0000 2020
Dr.DGhazna,Doryana87,"ğŸ‡¸ğŸ‡¦ R2 FM Doctor ,, â™ï¸,, ğŸˆ ,, ğŸ®,, â„ï¸,, ğŸ·.. PUBG (GIS Clan founder and leader ) (((( I listen as much as I talk ))))",28,90,0,45,Tue Apr 07 12:56:34 +0000 2020
Lihai Lihai,Raesano,,36,124,0,7,Mon Jul 20 04:21:02 +0000 2009
K V Y,rainsmoothie,"Your sweet listener.. 
I'll be your friend or even more.. 
Just tell me your storms and lemme kiss it away ğŸ˜˜ğŸŒŒ",128,119,1,311,Thu Sep 10 00:14:41 +0000 2020
ğ™ˆğ™ªğ™ğ™–ğ™¢ğ™¢ğ™–ğ™™ ğ™ğ™ğ™™ğ™ğ™¤_ğŸğŸ,ridho_a21,"only human.
Saya anak ke 4 dri 4 bersaudara yg dimna saya slalu berkeinginan menjadi anak yg berbakti kpd ortu.",1,40,0,24,Sat Sep 26 03:28:07 +0000 2020
Ø¹Ø¨Ø¯Ø§Ù„Ù…Ø¬ÙŠØ¯,mooD881628,â€â€â€Ù…Ù‡Ù†Ø¯Ø³..ÙˆÙ…ØªØ±Ø¬Ù… Ù„Ù„Ù…ÙˆØ§Ù‚Ø¹ Ø§Ù„Ø§Ø¬Ù†Ø¨ÙŠØ©,24,144,0,220,Mon Oct 12 12:39:49 +0000 2020
Dear_aiiy,Dearaiiy1,"i'm a dreamer ,, ğŸ’›",2,33,0,4,Thu Dec 05 01:09:10 +0000 2019
Sardyaw,saysardyaw,ga punya bio,140,126,0,561,Tue Apr 17 15:26:01 +0000 2012
Steven_30,Steven392339324,,0,37,0,1,Mon Oct 12 10:03:39 +0000 2020
JacksonCarter,jackson_awosika,"Civil Engineer In Construction Industry (Architect, Planner, Engineers)For any service â˜ +2348164368678âœŒ",1724,2467,1,58520,Sun Jul 23 21:04:06 +0000 2017
Dian Purwanti,DianPur81363894,,0,128,0,90,Thu Sep 24 02:22:17 +0000 2020
Nuraini,Nuraini70638643,Bismillah,7,72,0,441,Wed Jun 24 22:54:23 +0000 2020
Cahaya Roni,CahayaRoni3,,88,844,0,44,Sat Oct 03 01:06:47 +0000 2020
Bhavik,BhavikKumarGup1,"|Pharma. R&D| Books | Cycling| PMI| PMP Preparation| #SSRians.
Inspiration = SSR",248,557,0,2311,Thu Sep 07 19:18:50 +0000 2017
Asih19,Asih195,semua akan indah pada waktunya,22,155,0,132,Sat Sep 05 11:07:14 +0000 2020
Srikanth,SrikanthPogaku,~ The roar is rare...,81,2682,1,900,Tue Jun 23 13:22:00 +0000 2020
Pahlevy Iyan27,Pahlevy_iyan27,Nurse,71,1588,0,18,Fri Oct 09 05:04:22 +0000 2020
Titik90,titik90,,0,52,0,105,Wed Sep 02 13:12:42 +0000 2020
Gerrr,GerryBimaPrata1,,1,12,0,0,Sat Oct 10 20:23:28 +0000 2020
ulann,HerlyWulandari,,1,36,0,0,Sat Oct 10 14:37:27 +0000 2020
desy wien lestari,wien_desy,,0,15,0,5,Sat Oct 10 13:23:57 +0000 2020
Prihartini Eka Putri Anizar,putrianizar181,"believe me ,i'm good at waiting",54,180,0,12,Mon Oct 05 13:39:34 +0000 2020
Islmyh,Islmyh7,kill them with the success and of their grave with happiness,2,52,0,8,Wed Oct 07 07:46:43 +0000 2020
Solutions_uae,Solutionsuae1,live Better,0,75,0,5,Mon Sep 14 09:37:10 +0000 2020
Vincent tan,Vincent06806418,,50,2422,0,15349,Sun May 31 07:07:36 +0000 2020
Mohammed,12Dyz,,44,190,0,925,Fri Feb 21 08:34:08 +0000 2020
arif,arif65744444,Selalu bahgia,7,102,0,6,Thu Oct 08 22:52:10 +0000 2020
Ahmad zulfadli akbar,Ahmadzulfadlia1,BUCIN GARIS KERAS ~,2,35,0,21,Tue Oct 06 22:37:46 +0000 2020
Capricorn girlğŸ‘¸,PrincesyaaF,"Aku sudah sampai dititik: tidak apa-apa oranglain menyakiti atau mengecewakan aku, yang penting bukan aku yang menyakiti mereka.",91,773,0,15446,Fri Feb 28 05:57:06 +0000 2020
Kentutt,Kentutt7,yang penting happy,0,47,0,3,Thu Oct 08 08:56:55 +0000 2020
Valentina UtamağŸ¥,Babyaleent,"rizky!ğŸ’™
SagittariusGirlâœ¨",2,83,0,39,Wed Oct 07 17:31:27 +0000 2020
Hanes,Hanes27549926,,2,44,0,3,Thu Aug 27 15:43:54 +0000 2020
Gracio Oppo,GracioOppo,,0,5,0,0,Mon Sep 28 14:41:22 +0000 2020
Hasrianti Mokoagow,Hasrimkgw__,https://www.instagram.com/invites/contact/?i,3,30,0,27,Sat Sep 19 02:47:48 +0000 2020
VICTORIA LINDEMAN,OmnifariousArt,Amateur Artist and Jewelry Designer; continuing education 24/7/365; just another student of life learning in the rat race of 2020! Launching 2 startups,115,2810,0,513,Sat Dec 28 10:26:53 +0000 2019
Satnav rat-run round-up,RatRound,"Sharing news, research and solutions to the growing issue of satnav directed through traffic on minor roads.",137,388,3,282,Tue Nov 26 19:37:35 +0000 2019
"radhe singh rajput-AND I AM NOT A BOT ,I REPEAT.",radhey245096,"insaaf ke liye sach ke liye awaaz uthana jaruri hai.
JAI JAI SHIV SHAMBHU",196,866,0,11141,Sat Aug 22 07:44:36 +0000 2020
ILANurlailatul,ILANovember,,2,213,0,44,Tue Oct 06 17:33:24 +0000 2020
Pranav,Pranav_raj_18,"Just a humble guy with lots of Self Believe. Proud IndianğŸ‡®ğŸ‡³
Loves Improvement and also try to Learn something new Everyday.ğŸ’™âœŒğŸ¼
And yaa JOHN CENA follows me.",14,740,0,24733,Tue May 07 10:12:49 +0000 2019
Muhamad Aldi,Muhamad39196957,football is my life,7,193,0,0,Tue Oct 06 17:09:16 +0000 2020
â™¬â™ªâ™¥Í¡â™¥Í¡â™‰ Imanuel Hoki Pâ™¥Í¡â™¥Í¡ â™‰â™¬â™ª â™¬â™ª,Imanuelhoki5,"baik , pintar , suka masak",3,139,0,4,Sun Feb 03 16:42:34 +0000 2019
Rere,Rere17688137,,4,93,0,145,Thu Jun 18 19:24:49 +0000 2020
Abdulla Alsaihati,SaihatiAF,( Ø±ÙØ¨Ù‘Ù Ø¥ÙÙ†Ù‘ÙÙŠ Ù„ÙÙ…ÙØ§ Ø£ÙÙ†Ù’Ù€Ø²ÙÙ„Ù’ØªÙ Ø¥ÙÙ„ÙÙŠÙ‘Ù Ù…ÙÙ†Ù’ Ø®ÙÙŠÙ’Ø±Ù ÙÙÙ‚ÙÙŠØ±ÙŒ ),89,503,2,897,Wed Sep 07 09:10:38 +0000 2011
Firdha andhini,AndhiniFirdha,Firda Andini,3,129,0,304,Wed Feb 05 03:37:16 +0000 2020
Ghita Puspita,PuspitaGhita,"mrs.opi akbarğŸ’•
mamah for ammar dan aghağŸ‘¦ğŸ‘¦
MDğŸ‘©â€âš•ï¸",3,80,0,18,Tue Jul 07 05:41:04 +0000 2020
wangi onica,japanessssssss,javanese,6,86,0,28,Tue May 12 06:01:04 +0000 2020
kernetkapalselam,pupunfvck,"tetap berselancar diatas ombak
#akun_njancuki",29,1238,0,84,Wed May 20 07:23:14 +0000 2015
T_Wahyudi,TeguhW196,HambaALLAH.SWT,22,1206,0,1,Thu May 28 12:40:16 +0000 2020
Maswa Ruslan,maswa2301,Ig: @maswaaruslan,1496,215,1,8331,Mon Mar 12 04:44:27 +0000 2012
Aty Kiayimardjo,AKiayimardjo,"Jangan pernah meremehkan seseorang. 
diatas langit masih ada langit",1,59,0,0,Sun Oct 04 08:39:58 +0000 2020
Wama Kokar Papua,kokar_wama,Op maluk Wone,47,841,0,281,Wed Sep 02 09:46:23 +0000 2020
Skull Kidd,skullkidd_21st,Clothing Brand | R100 National door to door delivery fee | DM for orders,6,17,0,27,Fri Oct 04 06:32:16 +0000 2019
???,fatimah89i,"...Ù„Ø§ØªØ±Ù‡Ù‚ Ù†ÙØ³ÙƒØŒ Ø§Ù„ÙˆØ§Ù‚Ø¹ Ø¹Ù„Ù‰ Ø¨ÙØ¹Ø¯ Ù…ØªØ±ÙŠÙ† """,23,137,0,10,Sun Jan 15 04:25:45 +0000 2012
Viramrt,gatauyaagatau,iyaa vir.,26,101,0,3256,Sat Oct 03 05:54:46 +0000 2020
Aâ™Šï¸,Gemini8l,,7,605,0,1300,Thu May 28 02:47:04 +0000 2020
fatimh 6969,6969Fatimh,,11,319,0,609,Sun Sep 20 18:42:53 +0000 2020
Iamfats,Iamfats1,,0,28,0,4,Thu Jul 09 10:11:53 +0000 2020
Muhammad Setiawan,Muhamma24801031,,1,6,0,0,Fri Oct 02 15:20:40 +0000 2020
Ohinida,ohinida,aku suka aku hehe,0,32,0,3,Fri Oct 02 11:26:07 +0000 2020
slmiahna,slmiahna,,0,30,0,21,Fri Oct 02 07:27:42 +0000 2020
Coffee Latte,Ojospaneng_,"Ngopi o ndisek, mergo urip kui butuh inspirasi â˜•",70,745,0,20,Fri Oct 02 02:26:12 +0000 2020
Jim Cummings,jimmycthatsme,"ğŸ¥ | Filmmaker
Thunder Road + The Wolf of Snow Hollow",73576,25446,492,60015,Mon Sep 01 05:28:40 +0000 2008
Sara Alm,AlmAlm03236694,,0,40,0,46,Thu Oct 01 20:33:34 +0000 2020
RawanğŸ’,Rawan_784_,ÙŠØ§Ø±Ø¨ Ø±Ø¶Ø§ ÙŠÙ†Ù‡Ø¶Ù Ø¨Ù†Ø§ Ù„Ù„Ø­ÙŠØ§Ø© Ùˆ Ù‚Ù„Ø¨Ø§Ù‹ Ù„Ø§ ØªÙˆØ¬Ø¹Ù‡ Ø¯Ù†ÙŠØ§ Ùˆ Ø±ÙˆØ­Ø§Ù‹ ØªØªÙˆÙ‚ Ù„Ù€ Ø¬Ù†ØªÙƒğŸ•Š.,15,164,0,283,Fri Jul 14 06:33:36 +0000 2017
Khawla,ikhas__,,89,158,0,2049,Sat Jul 13 00:10:09 +0000 2019
Panggilakukurnia,kurniiiiiaaaa,hallo,3,77,0,181,Wed Sep 30 13:53:45 +0000 2020
Real,Real567892149,,1,294,0,508,Wed Sep 30 08:16:19 +0000 2020
Ù…Ø­Ù…Ø¯ Ø¨Ù† Ø§Ù„Ù…Ø®ØªØ§Ø± âš–ï¸ğŸ“œ,Just_mohmed,Ø­Ø§ØµÙ„ Ø¹Ù„Ù‰ Ø¨ÙƒØ§Ù„ÙˆØ±ÙŠÙˆØ³ Ø´Ø±ÙŠØ¹Ø© ÙˆØ§Ù„Ù‚Ø¶Ø§Ø¡ Ø§Ù„Ø¥Ø³Ù„Ø§Ù…ÙŠ -ÙƒØ§ØªØ¨ Ø§Ø­ÙŠØ§Ù†Ø§.. ØªØ§Ø¬Ø± Ø¹Ù‚Ø§Ø± ï´¿Ø£Ù„ÙŠØ³ Ø§Ù„Ù„Ù‡ Ø¨ÙƒØ§Ù Ø¹Ø¨Ø¯Ù‡ï´¾ -Ø§Ù†Ø§ Ù„Ø³Øª ØµØ§Ù„Ø­ Ø§Ù†Ø§ Ù…Ø³ØªÙˆØ±,397,875,0,8253,Mon Dec 26 23:13:52 +0000 2016
Abhishek Swain,Abhishe20896544,A Great Countrylover,1,347,0,163,Tue Sep 01 08:36:11 +0000 2020
ä¸æœˆ,dingdingyue,,94,1262,3,4465,Thu Apr 05 12:04:09 +0000 2018
âœ–ï¸ã€°ï¸âœ–ï¸,reragna,"âš¯Í› â–³âƒ’âƒ˜ | There are two kinds of humans. The majority in this world is ruthless, heartless and selfish. #path",87,486,0,1175,Tue May 19 01:08:32 +0000 2020
Disna,taylalad,It's been nice to love you,7,72,0,168,Fri Aug 02 08:11:25 +0000 2019
Adiptaadii_,AdysAdipta,streetfotografi,4,15,0,5,Fri Sep 13 01:20:20 +0000 2019
Juan JosÃ© Ruiz,juanjo_2109,ğŸ¦†,312,4841,7,11753,Wed Oct 20 03:53:28 +0000 2010
chorche turan,chorcheturan,when U throw a #frisbee part of your #spirit flies with  #it #ultimate #science #edu #sustain #eco #scouting #drupal #music #marketing #finance #books,1657,3770,73,2633,Thu Sep 24 18:32:10 +0000 2009
jrhmndn,jaecung24,"Kalau ada perlu chat aja atau via email

#warga negara +62",16,351,1,73,Sun Nov 22 08:41:25 +0000 2015
ğŸ§,venusmints,"fangirling trivia every hoursğŸ“
NamasteğŸ‘’",0,2268,0,28848,Wed Oct 02 06:05:06 +0000 2019
Ratika Ezra Pakpahan,EzraRatika,"Â 
Â Ù±Ù„Ù’Ø­ÙÙ…Ù’Ø¯Ù Ù„ÙÙ„ÙÙ‘Ù°Ù‡Ù Ø±ÙØ¨ÙÙ‘ Ù±Ù„Ù’Ø¹ÙØ§Ù„ÙÙ…ÙÙŠÙ†Ù

PLM - TJQ / IndonesiağŸ‡®ğŸ‡©
|| O.B.S 06th December15 : 11.15ğŸ–¤ 
|| IG : @ratikeyyy",30,39,0,13,Tue Sep 29 09:57:44 +0000 2020
Harry Burr,hb06_,"President at @STHcampaigns, and 14 year-old on the side.",138,2954,2,303,Mon Apr 13 22:55:57 +0000 2020
Â° â€¢âœ®Chsravanth!Â°ğŸ¦â€¢âœ®â€¢Â°,thesravanthi,ğŸ«ğŸƒğŸ’,19,487,0,574,Mon Oct 10 03:09:59 +0000 2011
silvia vanani,silviavn6,,2,40,0,0,Sun Sep 06 12:03:55 +0000 2020
Divya,beingme_Divya,The unbearable lightness of being. Living example of Newton's third law. Avid Physics lover. Engineering graduate. I ğŸ’“ what I'm. Proud Tamil Woman à®¤à®®à®¿à®´à®šà¯à®šà®¿,117,292,1,3844,Fri Mar 13 06:22:25 +0000 2009
Elegant shopp,ShoppElegant,Fast and easy shopping,0,33,0,0,Thu Aug 06 02:44:40 +0000 2020
Sarah Artan Yunita,queenmarthansya,CANCERIAN â™‹,356,224,0,409,Thu Jun 14 04:36:50 +0000 2012
Iwankurnia,Iwankurnia2810,ğŸ™‚senyum aja,6,173,0,1082,Mon Feb 24 12:21:36 +0000 2020
ozi,FauziArliansyah,,0,4,0,0,Mon May 07 00:49:46 +0000 2018
JEREMY JEFFğŸ‡®ğŸ‡©,JeremyJeff17,"ğŸ“ S.Kom.
â¤ï¸ è€¶ç¨£æ˜¯æˆ‘çš„æ•‘ä¸–ä¸» ~ Jesus is my Savior
ğŸ“– Psalms 91 & Proverbs 4:23",23,114,0,20,Mon Jan 14 09:33:34 +0000 2013
Ricky Kristian Kaunang,rickykrstn74,"Acoustic Guitar, Bass Guitar, Drum
Eddie Van Halen, John Lennon, Slash, Haruka Nakagawa, 48 Group, DLL
My Cort Guitars ğŸ¸,  Roland V Drums ğŸ¥ Hartke Amps ğŸ›ï¸",33,983,0,15451,Sat Dec 01 12:28:02 +0000 2018
TaeyeontanğŸ¯,yuyunwidiyaa,"Kim Taehyung, Jeon Jungkook, Kim SeokJinğŸ’œ
(Army jalur karma + fyp tiktok)",19,270,0,3320,Sun Sep 27 11:46:28 +0000 2020
Migy Migy,adelytavemanda,Cuitan semata,222,401,0,264,Sun Jul 15 04:26:30 +0000 2018
rukayya rabiu,rukayyarabiu8,Alhamdulilah,4,29,0,1,Sat Sep 26 13:50:28 +0000 2020
DIKA ALFARO PUTRA,dika_alfaro,Lagi jomblo,0,7,0,2,Wed Sep 16 17:36:48 +0000 2020
Laila Azizah,lanf_10,,1,16,0,5,Tue Jan 28 10:11:52 +0000 2020
Indomie_rendang,F_Rmdhni12,Seleraku Seleramu,220,1455,0,3264,Sat Nov 02 06:59:26 +0000 2019
ğŸ˜­,Pnstrbn,hanya sedang mengeluarkan isi kepala agar supaya tidak mengendap!,1,34,0,273,Wed May 22 14:24:02 +0000 2013
Neelam Sharma,NeelamS45086569,nothing,4,213,0,0,Fri Sep 25 12:39:05 +0000 2020
Junejo,iyaqoobjunejo,Muhammad Yaqoob Junejo,0,45,0,0,Sat Jul 11 19:03:13 +0000 2020
Sagar Jadhav,SagarJa18744640,,0,75,0,8,Fri Sep 25 03:28:01 +0000 2020
Fitrah Ayuningtyas,fitrayuningtyas,There is no education like adversity,4,416,0,12,Tue Mar 01 10:12:48 +0000 2011
Ochang,ochangjrot,0,0,13,0,2,Mon Aug 31 03:28:25 +0000 2020
Gilang Nugraha,GilangN65724028,nothing is impossible,10,79,0,7,Thu Sep 24 14:55:01 +0000 2020
mitha,mithaaaaa_na,,12,124,0,27,Fri Jul 17 12:52:41 +0000 2020
rasa nanas,panennanas,Genit tapi setia,110,121,0,198,Wed Apr 15 16:15:53 +0000 2020
Bhavesh Sharma,b_h_a_v_y,à¤¨à¤¿à¤°à¥à¤­à¤¯.,35,509,1,482,Sat Nov 11 06:01:59 +0000 2017
Huge Tv,hugetvon,"Huge tv is only internet entertainment
ğŸ‘‰https://t.co/wECzev3FiT
ğŸ‘‰https://t.co/V7ahSVMNKJ
ğŸ‘‰https://t.co/EqY9X3OuEp
ğŸ‘‰https://t.co/xcKI9MT3jE",23,2080,1,176,Tue Jul 28 08:48:08 +0000 2020
H.Al1994ğŸŒ¬â™Œï¸,H_Al_94,Ù‚ØµÙÙ€Ø¨Ø© Ø³ÙÙƒØ± ÙˆØ³Ø· Ù…Ø±Ø§Ø±Ø© Ù‡Ø°Ø§ Ø§Ù„Ø¹Ø§Ù„Ù…Ù,24,721,0,1498,Tue Jan 21 10:11:51 +0000 2020
tegaljarong official,AsepSup66230567,tempat wisata di bendungan jatigede,8,224,0,0,Wed Sep 23 23:21:29 +0000 2020
abdullah NasseriğŸ‡¦ğŸ‡ªÙ…Ù‚ÙŠØ¯,Abdulla39038046,"â€â€â€â€â€â€â€â€â€â€â€â€â€â€â€â€â€â€Ø¨ÙŠÙ† ÙƒÙ„ Ø§Ù„ÙƒØªØ§Ø¨Ø© ÙˆØ´Ø¹ÙˆØ± Ø§Ø­Ø¨Ùƒ â€â€â€â€â€â€â€â€â€@sh_ss16  ğŸ˜”â˜¹ï¸
â€â€â€â€â€â€â€â€â€â€â€â€â€#Path
Ø¹Ø´Ù‚ÙŠ Ù…Ø³Ù„Ø³Ù„Ø§Øª ØªØ±ÙƒÙŠØ©
â€â€â€â€â€â€â€#Ã§ukur
â€â€â€â€â€â€#EÅŸkÄ±yaDÃ¼nyayaHÃ¼kÃ¼mdarOlmaz
â€#Ramo",427,5003,0,31308,Wed Mar 13 23:31:15 +0000 2019
Ø§Ù„Ù…Ø·ÙŠØ±ÙŠÙ‡,N75410,Ø§Ù„Ù‰ ÙŠØ°Ù… Ù…Ø·ÙŠØ± Ù…Ø§Ø¹Ø§Ø´Ø± Ù…Ø·ÙŠØ±  â€ÙˆÙ„Ø§ Ø¹Ø±Ù ...Ø·ÙŠØ¨Ù‡Ø§ Ù…Ù† Ø±Ø¯Ø§Ù‡Ø§  â€Ù…Ø·ÙŠØ± Ø¨Ø§Ù„ØªØ§Ø±ÙŠØ® Ù…Ø§Ù‡ÙŠ Ø¨Ø£Ø³Ø§Ø·ÙŠØ±  â€Ù‚Ø¨ÙŠÙ„Ø©Ù‹ ...ÙƒÙ„Ù† ÙŠØ¯ÙˆØ± Ø±Ø¶Ø§Ù‡Ø§,161,791,0,128,Mon Nov 06 16:30:47 +0000 2017
Arby,Arby24020752,penyayang,0,19,0,3,Wed Sep 23 14:54:54 +0000 2020
Sisca,FransiscaKwee,,341,534,2,30443,Sun Jun 13 08:29:33 +0000 2010
Ibax,Ibax91944344,,1,4,0,0,Thu Sep 17 06:20:16 +0000 2020
kataaquarius._,kataaquarius1,"bulshit
instagram @kataaquarius._",1,21,0,10,Wed Sep 23 09:17:18 +0000 2020
VedaSN,vedamsn,Write wat u know...,6,129,0,832,Wed Nov 30 07:53:28 +0000 2011
kurniawan saputra,kurniaw60408523,,2,28,0,1,Sun Sep 20 00:35:40 +0000 2020
Tweetashfia,Tweetashfia3,An optimist.,0,93,0,0,Tue Sep 22 07:58:30 +0000 2020
zalpa092ğŸ¥,Lili09212,"@palza_092

exo_l
exoğŸ’
loey parkâ¤",73,176,0,237,Tue Sep 22 14:47:00 +0000 2020
Divya Jain,DivyaJa73431911,,1,161,0,42,Sun Aug 30 10:39:26 +0000 2020
Saurabh Chaudhary,Saurabh25007024,"ENGINEER Corona batch |Views and Recipes are personal | Avid learner | Believer | |Harcourt Butler Technological Institute Kanpur|
RTs are not endorsement.",351,805,1,3322,Fri May 05 17:29:04 +0000 2017
Eridahhh,rideee0331,.,0,36,0,0,Mon Sep 21 14:21:48 +0000 2020
naemy1001,naemy1001,,2,69,0,166,Tue Sep 22 11:33:06 +0000 2020
Zielli,Zielli55,,4,479,0,1310,Sat May 12 04:56:48 +0000 2018
Yulinda Agustin,YulindAgustin,,0,12,0,5,Mon Sep 21 16:21:24 +0000 2020
Palak Singh,PalakSi51157688,,6,235,0,34,Tue Sep 22 03:13:54 +0000 2020
Walaa the book dragon ğŸ‰,Walaa_Agil,"I'm 1994 girl from KSA Makkah. I'm a book dragon, very creepy and kind of weird ğŸ˜",457,356,6,1395,Mon Jun 11 19:51:36 +0000 2012
Nisha Sharma,NishaSh95129066,"athlete, I hv ma own personality, hate liars ,luv truth n music ...",19,314,0,14,Tue Sep 15 17:20:51 +0000 2020
Rachmah Islachah Agustina,rachmahislacha,ÙÙØ¨ÙØ£ÙÙŠÙ‘Ù Ø¢Ù„ÙØ§Ø¡Ù Ø±ÙØ¨Ù‘ÙÙƒÙÙ…ÙØ§ ØªÙÙƒÙØ°Ù‘ÙØ¨ÙØ§Ù†Ù,52,304,0,1,Mon Sep 21 08:08:02 +0000 2020
Aku Kentang ğŸ½,AkuKent32380466,bersenang senang,0,21,0,31,Thu Sep 10 06:03:38 +0000 2020
1603,hX2JoCdNKrLs68f,,0,22,0,0,Sun Sep 20 11:10:26 +0000 2020
Ø¬ÙÙ…Ø§Ù†Ø© ğŸ¢,JumanahAbuarab,scorpion â™ï¸,39,48,0,566,Mon May 28 20:34:00 +0000 2012
tweetnyaaku,tweetnyaaku1,"aku, kamu, mereka dan semesta",1,24,0,37,Fri Sep 18 14:18:23 +0000 2020
denandrakenzieharyaa,kenziegantengg,Cancer.,7,319,0,14,Thu Aug 06 08:27:47 +0000 2020
ÙØ±ÙŠÙ‚ Ø§Ø¨Ø¯Ø§Ø¹,CreativeTeam1_,ÙØ±ÙŠÙ‚ ØªØ·ÙˆØ¹ÙŠ ØŒ ÙŠØ¯Ø¹Ù… Ø¬Ù…ÙŠØ¹ Ø§Ù„Ù…ÙˆØ§Ù‡Ø¨,99,157,1,148,Thu Mar 07 22:37:28 +0000 2013
Ù…ÙŠÙŠÙŠÙ…,czm_a,,0,17,0,1,Sat Sep 19 19:51:10 +0000 2020
Mitambar,septianambarp,my dream reality,2,30,0,1,Mon May 21 14:09:03 +0000 2018
panggilan ditolak,akusiapa1900,ğŸ–¤,2,11,0,0,Mon Sep 07 00:58:22 +0000 2020
Fullsun [DIN],fullsun0631,"Panggil saja DIN jangan Nder
#EXO
#NCT
#Kyungsooâ¤â¤
#HaechanğŸŒğŸŒ»",2219,3897,2,76486,Mon Jan 22 22:26:24 +0000 2018
syahdina hanum,syahdina_hanum,jadilah orang yang sederhana dan slalu bahagia.,2,40,0,10,Fri Sep 18 22:58:31 +0000 2020
Saeed,SaeedAlGhanim,,64,103,0,402,Sat Jul 28 03:21:35 +0000 2012
Bimbimm,ealoe_,slowly dory wory uyee,38,97,0,128,Fri Sep 18 19:57:45 +0000 2020
Ø« .,Cq3Oj,,3,328,0,4,Thu Sep 17 19:31:23 +0000 2020
Ù‡Ù„Ø§,ama1117733,,89,837,0,946,Fri Feb 12 15:43:13 +0000 2016
vijay Singh,vijayku85974313,"Hardwere 
https://www.instagram.com/vijay8239344438/
http://youtube.com/channel/UCsjBMâ€¦
http://facebook.com/profile.php?idâ€¦",3,169,0,18,Fri Sep 18 10:52:48 +0000 2020
Rio Shandy88,Rio9971271080,"kutai timur,
EAST BORNEO ( KALTIM )
SAMARINDA / SANGATTA
DAYAK,KUTAI
BORNEO TERBAIK
Ig ; @Shandy 158",18,973,0,1898,Wed Jul 11 18:36:13 +0000 2018
.,fjr_60,.,588,4314,0,440,Wed Jun 01 22:45:10 +0000 2016
DANAH,CryingDanah,,10,115,0,189,Tue May 26 16:42:52 +0000 2020
Ø±ÙŠØ±ÙŠ,Ra2Ab__,á´¡á´‡ á´…á´É´'á´› á´›á´€ÊŸá´‹ á´€É´Êá´á´Ê€á´‡.,781,655,2,1190,Thu Jun 02 01:32:58 +0000 2016
Ø³Ø§Ù‡Ø± ğŸ¼ğŸ“¸ğŸ‡°ğŸ‡¼,Atheerology,https://curiouscat.qa/Atheeerology,190,313,0,92,Mon Jul 31 15:20:10 +0000 2017
lÉÉ¥Ênz,yourtruewnx,MONEY DONT SLEEP,40,165,0,232,Fri Nov 15 03:20:42 +0000 2019
Zahrasquad,Zahrasquad02,just fun ğŸ˜‹,3,118,0,20,Tue Sep 08 18:39:21 +0000 2020
Mohammad Elias,htmohammadelias,Be the hardest worker to success in life ğŸ˜,36,5001,0,35,Wed Aug 26 16:19:36 +0000 2020
.,yahoo2010nov,,0,10,0,0,Sat Nov 20 18:01:14 +0000 2010
Nina Yuliana,NinaYulia148,,4,149,0,406,Mon Sep 14 07:17:43 +0000 2020
Tina,tinasfactory,,1,824,0,6,Fri Apr 17 14:25:52 +0000 2020
Mayapuspita,Mayapus79759717,,4,846,0,1,Tue Sep 15 12:59:03 +0000 2020
ğŸ…°ï¸ğŸ…±ï¸U â“‚ï¸0ï¸âƒ£HğŸ…°ï¸â“‚ï¸â“‚ï¸ED Ø£Ø¨Ùˆ Ù…Ø­Ù…Ø¯ #MBS,Abu_Mo7amd,ÙƒÙ† Ù…Ø¤Ù…Ù†Ø§Ù‹ Ø¨Ø§Ù„Ù„Ù‡ Ø«Ù… Ø¨ÙˆØ·Ù†Ùƒ ÙˆØ£Ø³Ø±ØªÙƒ ÙˆØ¹Ù…Ù„ÙƒØŒ ÙˆØ§Ù‚Ù†Ø¹ Ø¨Ø±Ø²Ù‚Ùƒ. ÙˆØªØ­Ø¯Ø« Ø¯Ø§Ø¦Ù…Ø§Ù‹ Ø¨Ø¥ÙŠØ¬Ø§Ø¨ÙŠØ© Ø¹Ù† Ø°Ù„Ùƒ. ÙÙ…ÙØ±Ø¯Ø§ØªÙƒ ÙˆØ¹Ø¨Ø§Ø±Ø§ØªÙƒ Ø§Ù„ØªÙŠ ØªØ¹ØªØ§Ø¯Ù‡Ø§ ÙˆØ£Ù†Øª Ù…Ø¤Ù…Ù†ÙŒ Ø¨Ù‡Ø§ Ø³ØªØ¬Ø¹Ù„Ùƒ ÙƒÙ€ Ù…Ù„ÙƒÙ ÙŠÙ…Ø´ÙŠ (ÙˆØ§Ø«Ù‚ Ø§Ù„Ø®Ø·Ù‰),4578,7859,0,2997,Sat Jun 14 09:05:57 +0000 2014
Faisal Alkhaldi,fvill_,ÙˆØ£Ù†ÙØ§Ø³ Ù†Ø¬Ø¯ Ø¨Ù‡Ø§ Ø¬Ø±Ø­ Ø§Ù„Ø¯Ù‘Ù‡Ø± ÙŠØ¨Ø±Ù‰ğŸ’™,1085,305,0,135,Fri Jun 07 00:35:22 +0000 2019
Sami LAKHAL,SamiLAKHAL7,I am a biologist with extensive experience in  moleclar parasitology researcher devoted to tackling Leishmania zoonotic parasites,49,348,0,59,Wed Aug 26 19:09:28 +0000 2020
iye.ophell.pallets@gmail.com,IyeOphell,bahagia,25,309,0,5,Tue Sep 15 15:44:22 +0000 2020
YAMANAKA SACHIEâœ¨â˜˜ï¸,aa_yamanaka,~Must be and only focus on your objectives alone~â˜˜ï¸âœ¨,14,320,0,1659,Fri Mar 22 07:50:37 +0000 2019
ksktmh,KusnulK60574620,"@instagram 
@ksktmh",2,626,0,10,Tue Sep 15 14:06:13 +0000 2020
GombaL GembeL,Abongjr007,"Beradaptasi Akan Moral, Di Bawa Asyik Aja'",0,117,0,21,Thu Dec 19 02:41:01 +0000 2019
Ù‹,A4PR19,Ø§Ù„Ø¬Ù†Ø© ØªØ­Øª Ø£Ù‚Ø¯Ø§Ù…ÙƒØŒ ÙÙ„Ø§ ØªØ¬Ù„Ø³ !,155,445,1,1885,Tue Sep 15 13:02:13 +0000 2020
herman35ok,herman35ok,,17,303,0,322,Sun Aug 23 00:26:30 +0000 2020
Dicky Pratama,DickyPr34148406,Nama : Dicky Pratama,8,123,0,2,Tue Sep 15 01:38:19 +0000 2020
Denise,Denise91181399,Love people,4,37,0,215,Thu Mar 26 14:40:28 +0000 2020
Ø¹Ø¨Ø¯Ø§Ù„Ø±Ø­Ù…Ù† Ø®Ø´ÙŠÙ…,akhushaym,Architectural technician graduate working as a banker . @for_waledkh,126,166,0,13,Mon Sep 14 19:37:03 +0000 2020
skylightsenja,mpittttt____,"Gatau, kaya kurang aja. Kamu bukan dia soalnya.",3,184,0,35,Sun Aug 09 14:47:38 +0000 2020
cindyy.,cindyy19723918,busy.,0,9,0,13,Mon Sep 14 09:13:06 +0000 2020
à¤®à¤¿à¥›à¤¾à¤œ,UnearthedTruth,we live in a RAINBOW of CHAOS.,0,144,0,3024,Mon Sep 14 06:28:40 +0000 2020
M. Qosim Ghifari Aji,muhammadqosimga,Architecture Design Undip '12 @desainarsi12,43,105,0,23,Wed Jun 15 04:27:02 +0000 2011
ShathağŸ’†ğŸ»â€â™€ï¸,hish3012,Ø­Ø§Ù„Ù…Ù‡ ÙˆØ·Ù…ÙˆØ­Ù‡ Ùˆ Ø£ÙØ±ÙŠØ¯ Ø£Ù† Ø£ÙƒÙˆÙ† ÙƒÙ„ Ù…Ø§ ÙŠÙ…ÙƒÙ†Ù†ÙŠ Ø£Ù† Ø£ÙƒÙˆÙ†Ù‡. #uqucn40| Clinical nutrition studentğŸ‘©ğŸ»â€âš•ï¸ğŸ’,20,256,0,662,Fri Mar 09 09:01:53 +0000 2018
Shreee,Shreee___,,0,140,0,56,Wed Jul 29 10:43:58 +0000 2020
ğŸ¤NekonoHoteru,nekonohoteru,Creature Comfort | Furry Companion | Curated by Digital Developer @minayd,26,728,0,544,Thu Oct 17 10:54:15 +0000 2019
Zola Wahyuni,ZolaWahyuni,,3,114,0,7,Thu Sep 10 04:32:16 +0000 2020
Sushant Singh Rajput,ShivamR80944125,photo in a double slit-ğŸ’¥,301,802,0,4173,Thu Aug 13 16:20:07 +0000 2020
Elsa Mavita,MavitaElsa,Black,1,43,0,0,Fri Sep 11 07:53:29 +0000 2020
welda Dwi febriantoro,weldadwifeb,"Love. Everyone wants it, but only a few are willing to show love, especially when it isn't easy to be loving.",0,13,0,1,Thu May 07 16:20:27 +0000 2020
EunikeShonyaPutriSetyawan,shonya_25,ig : @shonya_25,2,77,0,5,Mon Jul 08 09:18:11 +0000 2019
Haris Setiawan,HarisSe54191628,laki laki,63,1589,0,89,Thu Apr 23 12:45:39 +0000 2020
Desy ğŸ¤ª,dhesyla,AllahuMuhammad ğŸ¥°,14,46,0,35,Sat Sep 12 05:33:05 +0000 2020
Tiffany_Nelavia,Tiffany_Nelavia,"GNCM_CMCM
ğŸ’•My little familyğŸ’•",2,86,0,13,Sat Sep 12 16:39:47 +0000 2020
nabilah,nbla_amelia,,5,11,0,0,Sat Sep 12 11:33:44 +0000 2020
Sadiyah,Sadiyah34847524,"Bangian ğŸ’
Ahmad zuhdan Almuttaqiin ğŸ‘¶",6,23,0,3,Sat Sep 12 10:17:20 +0000 2020
zuriah zu,Zuriah17634170,"IG : zuriah29_
FB: zuriah",2,125,0,27,Wed Jan 15 08:04:40 +0000 2020
Anitha,anithasaisree,"It's uncertainty in the momentum which keeps me in motion !
#philocalist",33,535,0,25572,Sun Jun 21 04:38:53 +0000 2020
Srabon Malik,MalikSrabon,Always put on happy face,92,4879,0,3216,Sat Aug 15 17:20:46 +0000 2020
Aldi,Aldi76125570,Senorita,70,2387,0,2041,Thu May 28 21:40:13 +0000 2020
Rajeshwari,rajeshwari_ad,,5,562,0,77,Mon Jul 22 18:11:55 +0000 2019
Hello 2021,UJampol,"ğ“ğ“µğ“µğ“ªğ“± ğ“¯ğ“²ğ“»ğ“¼ğ“½ğŸ–•
ğ“˜'ğ“¶ ğ“¼ğ“¸ğ“¬ğ“²ğ“ªğ“µğ“²ğ“¼ğ“½,
ğ“¡ğ“®ğ“ªğ“µğ“²ğ“«ğ“µğ“®,
ğ“£ğ“®ğ“¬ğ“±ğ“·ğ“¸ğ“µğ“¸ğ“°ğ“²ğ“®ğ“¼ğ“½,
ğ“˜'ğ“¶ ğ“ª ğ“¶ğ“ªğ“· ğ“¸ğ“¯ ğ“¶ğ”‚ ğ“­ğ“»ğ“®ğ“ªğ“¶.",112,3483,0,971,Mon Jul 22 13:33:25 +0000 2019
So ?,11iixii1,ğŸš«Ù…Ù…Ù†ÙˆØ¹ Ø§Ù„ØªÙ…ÙŠÙ„Ø­ğŸš«,9,34,0,325,Thu Mar 05 18:30:56 +0000 2020
sundary,sundary88592148,No one,4,50,0,51,Tue Sep 08 21:12:50 +0000 2020
dewi,Dhewijery1,,10,280,0,2,Thu Sep 10 17:20:11 +0000 2020
Ù‘,tru_tasha,Ø³ÙŠØ±Ø© Ø°Ø§ØªÙŠØ©: Ø­Ø§ØµÙ„Ø© Ø¹Ù„Ù‰ ÙˆØ«ÙŠÙ‚Ø© Ø§Ù„Ù…Ø§Ø³ØªØ± ÙÙŠ Ø¹Ù„Ù… Ø§Ù„ÙÙˆØ¶Ù‰. #Ø§Ù‚ØªØ¨Ø§Ø³Ø§Øª,30,82,0,195,Thu Sep 10 06:06:35 +0000 2020
Iskon,iskon2021,à¤¶à¥à¤°à¥€à¤•à¥ƒà¤·à¥à¤£à¤­à¤¾à¤µà¤¨à¤¾à¤®à¥ƒà¤¤à¤®,58,369,0,1993,Sat Jul 11 02:16:15 +0000 2020
Hetty S Pasaribu,pasaribu_hetty,tidak untuk terkagum,4,68,0,0,Thu Sep 10 01:13:05 +0000 2020
tanpa nama,shofifthonah,22 y.o,13,166,0,1964,Fri Aug 28 05:00:07 +0000 2020
maglutot,maglutot,,0,4851,0,0,Mon May 10 11:17:33 +0000 2010
Rico Hutasoit,richo_id,,33,57,0,6,Wed Aug 08 16:33:45 +0000 2012
Dody Arifiandi Permana,ArifiandiDody,Kun anta,1,19,0,10,Sat Feb 29 12:12:57 +0000 2020
Dynoxaurus,BXianida,"I'mma baddast personality
I'm hiding my life",1,24,0,2,Wed Sep 09 12:40:03 +0000 2020
andrew katz,Katz_Katz_Katz_,"free agent | supply chain guy | @umterps, @uberfreight alumni | squash and lacrosse player | either on a beach ğŸ„â€â™‚ï¸ or a mountain â›·",142,3178,3,5206,Mon Feb 08 05:16:49 +0000 2010
Hermilasari,Hermilasari3,selalu berpikir positif,1,31,0,25,Wed Sep 09 03:26:48 +0000 2020
Christin Sri wahyuni,WahyuniChristin,,0,78,0,4,Fri Sep 04 22:31:43 +0000 2020
Ade. Ramadhani7,Ramadhani7Ade,Jomblo,0,18,0,1,Tue Sep 08 17:17:35 +0000 2020
Janak Gahlot,JanakGahlot,"Energy, Sustainability and Innovation. Currently @awscloud. @CarnegieMellon alum. Views are my own. Follows/tweets â‰  endorsement.",282,4289,12,750,Tue Sep 16 02:26:21 +0000 2014
CD,desaichintan,Find Yourself. Be Yourself. Learn from the best & vicariously. Seek wisdom. Invest time & money wisely.Curious about how things work & why. Let the world shine.,399,3804,19,1463,Tue Feb 24 20:05:43 +0000 2009
Abhishek Badaik,abhishek_badaik,Just A Nationalist,108,426,0,16010,Fri Sep 04 11:40:31 +0000 2020
wiwikbadur23,WiwikBadur,,9,96,0,0,Thu Nov 29 11:50:07 +0000 2012
s q u i d y ğŸ™,squidwardtwins,"for anyone who appreciate my existence, thank you 
ğŸŒ»ğŸŒˆ",1,117,0,26,Mon Sep 07 04:22:18 +0000 2020
A,DoseRawson,"if you cannot be a nice human being, i pity you.",100,300,0,6090,Mon Aug 10 05:25:05 +0000 2020
Ø´ÙƒÙŠØ¨ Ø§Ù„Ø§ÙƒØ±Øª,3ed5ltTiZXB93yM,â€Ù…Ù† Ø§Ù†Ø§ ÙˆÙ…Ù† Ø§Ù†Øª,0,391,0,7,Sat Aug 01 13:07:57 +0000 2020
Eli Yani,EliYani59803286,bismillah,1,54,0,20,Mon Sep 07 08:05:27 +0000 2020
Tri Novita Lestari,TriNovita_L,,39,166,0,1,Thu Apr 25 03:06:44 +0000 2019
Arielridwan,Arielridwan3,Hasbunaallah wani'mal wakil ni'mal maula wani'man nasir ğŸ™,49,294,0,3849,Mon Dec 16 11:21:44 +0000 2019
Srinu kammari ğŸ‡®ğŸ‡³,Srinu7781,"Strive upward,
Positive optimism,
Discovery the beauty of life â˜®",185,265,0,1054,Mon Jun 05 10:17:45 +0000 2017
Rilopambudi96,Rilopambudi1296,"rilopambudi
ig_rilopambudi2020",9,304,0,218,Thu Sep 03 11:43:23 +0000 2020
yunqt,mauapeluhah1,,8,76,0,443,Sun Jul 26 06:59:57 +0000 2020
Kinantia putri El judinğŸ‘âœ¨,Kinanputri09,be your self:),0,66,0,5,Mon Sep 07 07:48:09 +0000 2020
IvaneBrek,IvaneDear,@Xyzenavazelyn,2,118,0,13,Fri Aug 21 01:35:25 +0000 2020
Marwan ( MBS ) Ù…Ø±ÙˆØ§Ù†,3marwan3,Ø³Ø£ÙØ±Ø­ Ù‚Ø±ÙŠØ¨Ø§Ù‹ ØªÙ„Ùƒ Ù‡ÙŠ Ø«Ù‚ØªÙŠ Ø¨Ø§Ù„Ù„Ù‡ ØŒ Ù„Ø§ØªØªØ®Ù„Ù‰ Ø¹Ù† Ø£Ø­Ù„Ø§Ù…Ùƒ ØŒ Ø§Ù„Ù…Ø¹Ø¬Ø²Ø§Øª ØªØ­Ø¯Ø« ÙƒÙ„ ÙŠÙˆÙ… | Ù…Ù‡ØªÙ… Ø¨Ø§Ù„ØªØ³ÙˆÙŠÙ‚ Ø§Ù„Ø±Ù‚Ù…ÙŠ ÙˆØ§Ù„ØªØ¬Ø§Ø±Ø© Ø§Ù„Ø§Ù„ÙƒØªØ±ÙˆÙ†ÙŠØ© #Ø§Ù„Ø³Ø¹ÙˆØ¯ÙŠØ©,3936,2993,8,2212,Sat Feb 23 08:06:42 +0000 2013
â˜ƒï¸,datSecretacc,,6,272,0,13615,Fri Feb 07 14:41:03 +0000 2020
Shashank Bhaskar,ShashankBhask15,à¤¸à¤¤à¥à¤¯à¤®à¥‡à¤µ à¤œà¤¯à¤¤à¥‡ğŸ™,3,80,0,221,Sat Sep 05 16:36:10 +0000 2020
MHRz,__MehRooZ,"Rational Believer | RESISTANCE || REVOLUTION . ''We are a nation that knows no surrender, we win or we die.''",13,220,0,209,Tue Jun 30 08:06:51 +0000 2020
shosho,shosho79231334,,5,31,0,5,Mon Sep 07 17:32:32 +0000 2020
salehaljumaiah,salehaljumaiah,ğŸ¦‚~.,3443,43,0,0,Mon Jul 23 18:36:03 +0000 2012
Bambang Suryawan,BambangSuryaw13,"No Sepik!
Aku adalah Aku
Penggemarku, keluargaku
Don t like me? Don t care.
ig: surya_one96",3,141,0,12,Fri Sep 04 05:44:49 +0000 2020
Novita mawey,mawey_novita,ulang tahun saya,1,86,0,4,Wed Jul 15 05:42:08 +0000 2020
Hardiyanti Husain,HardiyantiHusa1,hardiyantihusain15,5,115,0,13,Thu Aug 20 16:41:55 +0000 2020
Dellia violita Anggraini,violitaxxaja,@violitaxxaja._,1,71,0,115,Sun Aug 02 04:33:01 +0000 2020
Wulan Kumala,WulanKumala20,,0,7,0,11,Mon Sep 07 07:05:10 +0000 2020
itengnjanges,govgozali3,wkwkwkwk!,39,114,0,417,Sun Apr 05 08:16:27 +0000 2020
FlairRepublic Marketing,FlairRepublic,"#Marketing Agency Providing Creative Content, Design and #MarketingStrategy. #ContentMarketing",291,1378,0,87,Tue Aug 20 11:33:31 +0000 2013
Ø¨ÙØ´Ø±Ù‰#Ø£Ù…Ù‘_Ø§Ù„Ø­Ù„ÙˆØ©.,iiibu_10,Ø§Ù„Ù†ÙˆÙ… Ø£ÙˆÙ„Ø§Ù‹ Ø«Ù…Ù‘ ÙŠØ£ØªÙŠ Ø§Ù„Ø¬Ù…ÙŠØ¹ ØŒÙˆØ£Ù†Ø§ Ù‡ÙÙ†Ø§ Ù„Ù„Ø­Ù„Ø·Ù…Ø© Ù„Ø§ ØªØ¯ÙˆØ± Ø¹Ù† Ø§Ù„ÙØ§Ø¦Ø¯Ø© Ø¹Ù†Ø¯ÙŠ ÙŠØ§Ø¹Ø²ÙŠØ²ÙŠ.,45,83,0,229,Thu Dec 19 14:49:14 +0000 2019
MR.J,MRJ1302,,3,104,0,4,Sun Sep 06 20:16:50 +0000 2020
Kalyani Kanade,KalyaniKanade17,Think Positiveâ•and positive things will happenğŸ”œğŸ”,10,161,0,103,Tue Sep 19 15:02:40 +0000 2017
raj#justiceforSSR!!!,RajashriBhowmi1,"in Twitter only justice for  SSRğŸ˜
in FB always",196,351,0,284,Fri Aug 07 12:53:33 +0000 2020
Oscarjamal,Oscar_jamalpase,,7,1078,0,84,Fri Nov 08 07:06:35 +0000 2019
Umedoc,Umedoc2020,"Your Treatment, All Online Telemedicine and Tele-Health, Delivered Easily.
See your doctor today: https://www.umedoc.com/",185,5002,1,0,Tue May 26 16:27:14 +0000 2020
Assetia,Assetia3,Sibuk,0,95,0,5,Sat Aug 15 05:20:47 +0000 2020
Aashritha,aashritha1494,,4,106,0,43,Fri Feb 10 05:20:15 +0000 2017
alone3,Neelim19,who cares...,15,316,0,1117,Mon Dec 09 13:18:37 +0000 2019
lujain,ljuuni,"Mother , teacher , autism and other fun things . Tow hearts one valveğŸ¶ğŸ’",39,534,0,47,Sat Oct 19 00:48:59 +0000 2013
Haha,CumpengHd,Mindfulness,3,173,0,7,Sun Oct 13 10:13:34 +0000 2013
alone.,xivv_u,,10,43,0,268,Fri May 01 19:14:53 +0000 2020
Iki kurnia,Ikikurnia1,Hello,0,41,0,30,Sat Sep 05 13:09:38 +0000 2020
NawaL.,nwil_aq,ÙƒÙÙ†Ù‘ Ø°Ø§ Ø®ÙÙ„Ù‚ ÙˆØ§ØªØ±Ùƒ Ù„ÙÙ†ÙØ³Ùƒ Ø£Ø«Ø±Ø§Ù‹ Ø­Ø³Ù†.,208,196,0,156,Sun Apr 19 21:29:00 +0000 2015
Aura Sweet,AuraSweet11,,7,213,0,527,Sat Sep 05 10:46:40 +0000 2020
Sepatu,fjrtmpolo,"Pangkat jendral,Pemikiran hansip",75,186,0,11,Sat Sep 05 08:03:42 +0000 2020
mhd hafizh,MhdHafizh8,pingin bergabung,9,80,0,1359,Sat Apr 11 12:41:35 +0000 2020
me,smileadmirer__,seorang yang biasa saja.,0,46,0,47,Mon Mar 30 15:57:08 +0000 2020
NO NAME,baa_nannaa,,99,119,0,352,Thu Aug 27 02:49:24 +0000 2020
ğŸ”š,FDrHassan,#MED20,0,366,0,0,Sun Aug 02 05:13:27 +0000 2020
Ù‡ÙŠÙØ§Ø¡ Ø§Ù„ÙÙ„ÙŠØ¬,Haifaj77,@Cmcimamu | Advertising marketing communication | Pro makeup artist,3885,328,0,1993,Tue Aug 16 05:46:32 +0000 2016
Peeta Kal,Peeta_Kal,,6,4697,0,386,Sat Dec 24 08:17:16 +0000 2011
Swaroop,SwaroopButala,ğŸ‘¨â€ğŸ‘©â€ğŸ‘§ â€¢ ğŸš´ â€¢ ğŸ§˜â€â™‚ï¸ â€¢ Head of Mobile Engineering @box,228,429,4,2146,Fri Jan 16 04:46:39 +0000 2009
Innovation And Digital Transformation,InnovationAndDT,"A virtual place to share and discuss trends, advancements, challenges and opportunities in business, technology, culture and society.",99,1769,0,394,Fri Dec 20 15:44:38 +0000 2019
vim,vimtseng,"ç“´é‡Œ LANEHUB äº§å“æ€»ç›‘ã€‚
å‰è¾¾è¾¾é›†å›¢èµ„æ·±äº§å“ç»ç†ï¼Œåˆ›å§‹å›¢é˜Ÿæˆå‘˜ã€‚
å‰å®‰å±…å®¢ç§»åŠ¨äº§å“è´Ÿè´£äººã€‚",204,531,14,68,Thu Mar 06 09:25:09 +0000 2008
PedlaSilvia,SilviaPedla,Ig : Pedlasilvia,0,18,0,2,Fri Sep 04 12:16:54 +0000 2020
kentang bumbu pedas,tarissap13,,11,19,0,13,Sun May 10 14:54:33 +0000 2020
"wejdanğŸ¾,",wjx_ii,,11,66,0,16,Wed Jul 22 16:38:36 +0000 2020
Waleed,Waleed_Alogaly,,188,161,0,154,Sun Mar 04 01:16:55 +0000 2012
Ù…Ø±ÙŠÙ… Ø§Ù„Ù…Ø§Ù„ÙƒÙŠ,mryam5h,Ù…Ù‡ØªÙ…Ø© Ø¨Ø§Ù„Ø­ÙŠØ§Ø©.,22922,420,6,471,Sun Jun 03 16:29:42 +0000 2012
Dan,dani_k7,"I just be talking and not making any sense most of the time.
ğŸ¥­",114,175,0,1009,Mon Nov 02 15:00:20 +0000 2015
